epoch,train_loss,val_loss
1,0.0167816752243949,0.01363660953938961
2,0.011240587407804054,0.008697761222720146
